{"stats":{"minecraft:dropped":{"minecraft:iron_sword":8,"minecraft:diamond_axe":1,"minecraft:cookie":5,"minecraft:iron_horse_armor":1,"enigmaticlegacy:common_potion":1,"minecraft:rail":2,"improvableskills:scroll_creative":1,"sophisticatedbackpacks:gold_backpack":2,"minecraft:flint":2,"enigmaticlegacy:enigmatic_eye":1,"minecraft:dirt":187,"tombstone:bag_of_seeds":3,"minecraft:sunflower":56,"gobber2:gobber2_goo":1,"minecraft:sand":8,"cyclic:emerald_leggings":1,"cyclic:shield_wood":1,"minecraft:sugar":8,"minecraft:iron_pickaxe":1,"minecraft:dark_oak_planks":4,"minecraft:fishing_rod":1,"minecraft:bone":305,"cyclic:emerald_boots":1,"minecraft:gravel":15,"minecraft:golden_chestplate":1,"minecraft:cobbled_deepslate":214,"tombstone:gift":4,"minecraft:rotten_flesh":496,"enigmaticlegacy:tattered_tome":1,"minecraft:carrot":4,"minecraft:chainmail_chestplate":2,"minecraft:poppy":4,"minecraft:gunpowder":208,"minecraft:melon_seeds":2,"minecraft:leather_boots":1,"minecraft:chainmail_boots":2,"improvableskills:scroll_normal":1,"minecraft:spruce_slab":7,"minecraft:arrow":186,"enigmaticlegacy:enigmatic_amulet":1,"minecraft:iron_ingot":4,"minecraft:bread":1,"minecraft:wheat_seeds":38,"minecraft:iron_helmet":1,"minecraft:cobblestone":469,"minecraft:lead":2,"minecraft:granite":1,"cyclic:emerald_chestplate":1,"spartanshields:iron_basic_shield":1,"minecraft:chainmail_helmet":4,"minecraft:coal":38,"minecraft:stick":3,"minecraft:diorite":3,"skilltree:gem":8,"minecraft:zombie_head":2,"minecraft:diamond_helmet":1,"tombstone:grave_dust":44,"minecraft:iron_leggings":5,"minecraft:iron_shovel":7,"minecraft:chainmail_leggings":1,"minecraft:string":36,"minecraft:dandelion":3,"minecraft:redstone":2,"minecraft:smooth_basalt":4,"minecraft:creeper_head":1,"minecraft:player_head":2,"minecraft:raw_copper":267,"minecraft:tuff":61,"gobber2:gobber2_gooey_beef":1,"minecraft:iron_boots":3,"cataclysm:coral_bardiche":22,"minecraft:iron_hoe":1,"sophisticatedbackpacks:backpack":2,"improvableskills:skills_book":1,"minecraft:spruce_fence":14,"enigmaticlegacy:cursed_ring":1,"minecraft:deepslate_bricks":1,"minecraft:copper_ore":9,"minecraft:diamond_sword":3,"minecraft:potato":1,"minecraft:stone":35,"alexsmobs:cockroach_wing_fragment":2,"minecraft:diamond_chestplate":1,"minecraft:spruce_planks":2,"minecraft:spruce_trapdoor":1,"minecraft:bundle":5,"minecraft:diamond_pickaxe":2,"minecraft:iron_chestplate":3,"minecraft:andesite":51,"minecraft:spider_eye":54,"minecraft:stone_bricks":355,"tombstone:essence_of_undeath":1,"minecraft:bow":16,"minecraft:raw_gold":1},"minecraft:broken":{"constructionwand:diamond_wand":2,"minecraft:iron_shovel":1,"minecraft:diamond_helmet":2,"minecraft:iron_boots":1,"spartanshields:diamond_basic_shield":1,"minecraft:diamond_boots":2,"minecraft:iron_sword":1,"cyclic:emerald_chestplate":1,"minecraft:diamond_chestplate":1,"cyclic:emerald_helmet":1,"minecraft:diamond_leggings":2,"minecraft:iron_pickaxe":1,"minecraft:iron_helmet":2},"minecraft:picked_up":{"minecraft:iron_chestplate":2,"constructionwand:diamond_wand":1,"minecraft:chainmail_boots":3,"minecraft:creeper_head":1,"minecraft:lead":2,"minecraft:diamond_sword":5,"minecraft:stone_brick_stairs":8,"enigmaticlegacy:enigmatic_eye":1,"minecraft:string":222,"minecraft:raw_copper":263,"minecraft:iron_leggings":5,"minecraft:zombie_head":2,"minecraft:cobbled_deepslate":612,"minecraft:spruce_planks":4,"minecraft:iron_pickaxe":2,"minecraft:iron_boots":3,"minecraft:stick":10,"minecraft:music_disc_blocks":1,"minecraft:oak_fence":4,"minecraft:torch":9,"tombstone:grave_dust":66,"minecraft:diorite":14,"minecraft:golden_chestplate":1,"cyclic:emerald_helmet":1,"gobber2:gobber2_foo":12,"minecraft:rotten_flesh":649,"alexsmobs:capsid":14,"minecraft:cobblestone":2467,"cyclic:emerald_chestplate":3,"minecraft:andesite":68,"spartanshields:iron_basic_shield":1,"cataclysm:coral_bardiche":24,"minecraft:potato":1,"minecraft:flint":4,"minecraft:tuff":62,"minecraft:lapis_lazuli":42,"skilltree:gem":26,"minecraft:dirt":5332,"minecraft:leather_boots":1,"minecraft:bone":514,"minecraft:bow":19,"gobber2:gobber2_gooey_beef":25,"minecraft:wheat_seeds":38,"minecraft:deepslate_brick_slab":20,"minecraft:raw_gold":13,"minecraft:diamond_helmet":1,"minecraft:oak_planks":126,"gobber2:gobber2_gooey_bread":146,"minecraft:stripped_spruce_log":1,"minecraft:dark_oak_log":45,"minecraft:bundle":9,"minecraft:iron_hoe":1,"cyclic:emerald_leggings":1,"minecraft:sugar":8,"minecraft:diamond":172,"improvableskills:skills_book":1,"minecraft:granite":1,"minecraft:chainmail_helmet":4,"minecraft:oak_sapling":16,"gobber2:gobber2_goo":27,"minecraft:diamond_pickaxe":3,"sophisticatedbackpacks:gold_backpack":3,"minecraft:fishing_rod":1,"minecraft:crafting_table":1,"cyclic:emerald_boots":1,"minecraft:iron_axe":1,"minecraft:iron_shovel":8,"improvableskills:scroll_normal":22,"minecraft:player_head":1,"minecraft:poppy":4,"minecraft:spruce_slab":1,"minecraft:spruce_trapdoor":1,"minecraft:copper_ore":9,"minecraft:raw_iron":38,"minecraft:stone":1017,"sophisticatedbackpacks:backpack":4,"minecraft:cookie":15,"minecraft:carrot":4,"minecraft:redstone":2,"minecraft:arrow":646,"minecraft:deepslate_bricks":39,"tombstone:essence_of_undeath":1,"minecraft:gold_ingot":28,"minecraft:rail":2,"minecraft:glow_ink_sac":3,"gobber2:gobber2_gooey_beefstew":12,"minecraft:leather":15,"minecraft:oak_log":129,"minecraft:chainmail_chestplate":2,"minecraft:yellow_bed":1,"minecraft:gunpowder":425,"improvableskills:scroll_creative":2,"tombstone:gift":1,"sophisticatedbackpacks:upgrade_base":2,"minecraft:apple":2,"minecraft:stone_bricks":555,"alexsmobs:cockroach_wing_fragment":2,"minecraft:iron_ingot":52,"tombstone:bag_of_seeds":5,"minecraft:iron_sword":9,"sophisticatedbackpacks:diamond_backpack":1,"minecraft:smooth_basalt":4,"minecraft:dandelion":3,"minecraft:gravel":15,"enigmaticlegacy:enigmatic_amulet":2,"minecraft:spruce_log":111,"minecraft:spider_eye":59,"minecraft:slime_ball":1,"minecraft:chainmail_leggings":2,"minecraft:iron_helmet":2,"minecraft:diamond_axe":2,"minecraft:baked_potato":4,"tombstone:magic_scroll":7,"minecraft:coal":118,"minecraft:sunflower":56,"minecraft:ender_pearl":27},"minecraft:mined":{"minecraft:granite":1,"minecraft:grass_block":284,"gobber2:gobber2_lucky_block":77,"minecraft:deepslate_bricks":38,"minecraft:iron_ore":36,"minecraft:deepslate_lapis_ore":1,"minecraft:spruce_slab":1,"minecraft:torch":6,"minecraft:cobblestone":131,"alexsmobs:capsid":1,"minecraft:oak_planks":5,"minecraft:deepslate_copper_ore":3,"minecraft:stone_brick_stairs":9,"minecraft:grass":41,"minecraft:oak_log":102,"minecraft:dirt":913,"minecraft:smooth_basalt":4,"minecraft:oak_leaves":2,"minecraft:deepslate":711,"minecraft:tuff":60,"minecraft:deepslate_diamond_ore":110,"minecraft:dark_oak_log":1,"minecraft:spruce_fence":1,"minecraft:deepslate_brick_slab":22,"minecraft:andesite":68,"minecraft:deepslate_iron_ore":3,"minecraft:stone":4007,"minecraft:dandelion":3,"minecraft:oak_fence":8,"minecraft:crafting_table":1,"minecraft:tall_grass":1,"minecraft:copper_ore":67,"minecraft:deepslate_gold_ore":4,"minecraft:diorite":14,"minecraft:spruce_log":1,"gobber2:gobber2_lucky_block_deepslate":12,"minecraft:yellow_bed":1,"minecraft:coal_ore":51,"minecraft:sunflower":24,"minecraft:gravel":14,"minecraft:cobweb":51,"minecraft:stone_bricks":181,"minecraft:gold_ore":8},"minecraft:used":{"gobber2:gobber2_goo":23,"minecraft:iron_shovel":250,"minecraft:spruce_slab":42,"gobber2:gobber2_gooey_bread":95,"minecraft:iron_sword":213,"minecraft:rotten_flesh":2,"minecraft:iron_chestplate":1,"minecraft:deepslate_brick_slab":61,"minecraft:tuff":1,"minecraft:stone_brick_stairs":21,"minecraft:stone_bricks":635,"minecraft:bow":40,"spartanshields:iron_basic_shield":4,"minecraft:furnace":1,"minecraft:stone_pickaxe":3,"minecraft:oak_planks":340,"minecraft:wooden_pickaxe":8,"minecraft:diamond_axe":153,"minecraft:cookie":6,"spartanshields:diamond_basic_shield":12,"gobber2:gobber2_gooey_beefstew":12,"minecraft:dark_oak_log":7,"minecraft:diamond_sword":542,"minecraft:chainmail_boots":3,"minecraft:andesite":11,"minecraft:oak_fence":4,"minecraft:spruce_planks":2,"cataclysm:coral_bardiche":933,"minecraft:torch":47,"minecraft:dirt":4558,"alexsmobs:capsid":12,"minecraft:spruce_fence":13,"minecraft:dark_oak_planks":26,"minecraft:iron_boots":3,"gobber2:gobber2_gooey_beef":21,"constructionwand:diamond_wand":307,"tombstone:gift":2,"minecraft:cobbled_deepslate":26,"cyclic:shield_wood":3,"minecraft:deepslate_bricks":319,"minecraft:crafting_table":1,"minecraft:spruce_log":19,"minecraft:diamond_pickaxe":4808,"minecraft:apple":1,"minecraft:diamond_shovel":866,"minecraft:iron_pickaxe":930,"minecraft:cobblestone":353,"alexsmobs:animal_dictionary":1},"minecraft:killed":{"minecraft:cave_spider":11,"minecraft:witch":3,"minecraft:spider":105,"alexsmobs:enderiophage":7,"minecraft:skeleton":311,"minecraft:zombie_villager":1,"minecraft:creeper":294,"minecraft:pillager":1,"minecraft:zombie":419,"alexsmobs:fly":1,"minecraft:slime":3,"minecraft:bat":3,"alexsmobs:cockroach":4,"minecraft:enderman":14},"minecraft:custom":{"enigmaticlegacy:play_time_with_seven_curses":0,"minecraft:interact_with_crafting_table":38,"goblintraders:trade_with_goblin":15,"minecraft:leave_game":13,"minecraft:time_since_death":93155,"minecraft:damage_resisted":54,"minecraft:sprint_one_cm":1693263,"minecraft:damage_blocked_by_shield":28723,"minecraft:drop":713,"minecraft:talked_to_villager":3,"minecraft:play_time":532247,"minecraft:deaths":22,"minecraft:jump":7665,"minecraft:walk_on_water_one_cm":32891,"minecraft:enchant_item":62,"minecraft:interact_with_furnace":63,"minecraft:sleep_in_bed":1,"minecraft:damage_dealt":238672,"minecraft:player_kills":6,"minecraft:crouch_one_cm":2921,"tombstone:undead_killed":731,"minecraft:mob_kills":1186,"minecraft:interact_with_anvil":2,"minecraft:damage_dealt_resisted":1938,"minecraft:walk_one_cm":1053888,"minecraft:damage_dealt_absorbed":640,"minecraft:sneak_time":1473,"minecraft:walk_under_water_one_cm":6716,"minecraft:total_world_time":532247,"spartanshields:shield_bash_hits":3,"enigmaticlegacy:play_time_without_seven_curses":531360,"minecraft:interact_with_stonecutter":14,"minecraft:time_since_rest":93035,"minecraft:damage_taken":40313,"minecraft:use_wand":4449,"minecraft:swim_one_cm":3766,"minecraft:fly_one_cm":1776071,"minecraft:open_chest":49,"minecraft:fall_one_cm":230088},"minecraft:killed_by":{"minecraft:creeper":1,"minecraft:zombie":3,"minecraft:player":15,"minecraft:spider":1,"minecraft:skeleton":1},"minecraft:crafted":{"minecraft:oak_planks":516,"minecraft:stone":256,"sophisticatedbackpacks:crafting_upgrade":1,"minecraft:diamond_shovel":1,"spartanshields:iron_basic_shield":1,"minecraft:diamond_helmet":2,"minecraft:bow":3,"minecraft:diamond_leggings":2,"minecraft:iron_boots":1,"sophisticatedbackpacks:copper_backpack":2,"minecraft:chest":1,"minecraft:stone_bricks":3,"minecraft:diamond_axe":1,"minecraft:crafting_table":2,"minecraft:spruce_planks":24,"minecraft:wooden_pickaxe":1,"minecraft:iron_helmet":1,"minecraft:copper_ingot":18,"sophisticatedbackpacks:upgrade_base":3,"minecraft:stone_brick_stairs":13,"minecraft:iron_chestplate":1,"minecraft:diamond_pickaxe":2,"sophisticatedbackpacks:diamond_backpack":1,"minecraft:stick":40,"minecraft:iron_ingot":30,"minecraft:iron_pickaxe":1,"minecraft:stone_sword":1,"minecraft:gold_ingot":8,"spartanshields:wooden_basic_shield":2,"minecraft:coal":15,"minecraft:furnace":1,"spartanshields:diamond_basic_shield":1,"cyclic:shield_wood":1,"minecraft:spruce_slab":12,"minecraft:stone_pickaxe":1,"minecraft:diamond_boots":2,"minecraft:dark_oak_planks":148,"sophisticatedbackpacks:iron_backpack":2,"constructionwand:diamond_wand":2,"minecraft:diamond_sword":1,"minecraft:deepslate_brick_slab":36,"minecraft:iron_sword":1,"sophisticatedbackpacks:gold_backpack":2,"minecraft:air":0,"minecraft:iron_shovel":1,"minecraft:iron_leggings":1,"minecraft:torch":44,"minecraft:diamond_chestplate":2}},"DataVersion":3465}