{"stats":{"minecraft:dropped":{"minecraft:iron_ingot":32,"minecraft:iron_sword":2,"minecraft:lapis_lazuli":16,"minecraft:glow_ink_sac":9,"minecraft:diamond":3,"minecraft:granite":1,"minecraft:red_mushroom":2,"minecraft:cobblestone_stairs":2,"tombstone:grave_key":4,"skilltree:gem":1,"tombstone:grave_dust":6,"minecraft:wooden_sword":1,"minecraft:iron_pickaxe":1,"cyclic:emerald_sword":1,"minecraft:string":1,"gobber2:gobber2_gooey_bread":7,"minecraft:bone":3,"minecraft:redstone":72,"minecraft:stone_sword":3,"minecraft:tuff":2,"minecraft:raw_iron":10,"minecraft:rotten_flesh":9,"minecraft:diamond_sword":1,"alexsmobs:cockroach_wing_fragment":1,"minecraft:andesite":4,"minecraft:spider_eye":1,"minecraft:arrow":4,"minecraft:raw_gold":19},"minecraft:broken":{"minecraft:iron_chestplate":2,"minecraft:iron_leggings":1,"minecraft:stone_axe":1,"minecraft:iron_helmet":1},"minecraft:picked_up":{"minecraft:crafting_table":3,"minecraft:iron_chestplate":1,"minecraft:diamond_sword":1,"minecraft:shield":1,"minecraft:string":12,"minecraft:wooden_sword":1,"minecraft:item_frame":1,"cyclic:flower_lime_carnation":1,"minecraft:cobbled_deepslate":66,"minecraft:smooth_stone":12,"spartanshields:diamond_tower_shield":1,"minecraft:iron_pickaxe":1,"minecraft:dark_oak_sapling":9,"minecraft:stick":73,"minecraft:raw_iron":20,"minecraft:torch":2,"minecraft:porkchop":2,"tombstone:grave_dust":12,"minecraft:diorite":17,"minecraft:carrot":1,"minecraft:redstone":72,"minecraft:dark_oak_planks":8,"gobber2:gobber2_foo":2,"minecraft:stone_sword":3,"minecraft:arrow":22,"minecraft:rotten_flesh":43,"tombstone:essence_of_undeath":1,"minecraft:gold_ingot":1,"cyclic:emerald_sword":2,"minecraft:cobblestone":222,"minecraft:birch_log":1,"minecraft:cooked_beef":4,"minecraft:glow_ink_sac":9,"minecraft:andesite":11,"minecraft:leather":28,"minecraft:red_mushroom":4,"minecraft:tuff":5,"minecraft:oak_log":51,"minecraft:gunpowder":9,"minecraft:cobblestone_stairs":4,"improvableskills:scroll_creative":1,"minecraft:lapis_lazuli":16,"skilltree:gem":14,"minecraft:dirt":31,"cyclic:flower_cyan":1,"minecraft:cooked_mutton":1,"minecraft:bone":25,"minecraft:bow":2,"gobber2:gobber2_gooey_beef":7,"minecraft:wheat_seeds":1,"minecraft:raw_gold":19,"alexsmobs:cockroach_wing_fragment":1,"minecraft:iron_ingot":159,"tombstone:bag_of_seeds":1,"minecraft:glowstone_dust":1,"minecraft:iron_sword":1,"minecraft:oak_planks":2,"gobber2:gobber2_gooey_bread":97,"minecraft:dripstone_block":2,"minecraft:dark_oak_log":163,"minecraft:spider_eye":3,"minecraft:diamond":6,"improvableskills:skills_book":1,"minecraft:granite":2,"minecraft:bread":1,"minecraft:oak_sapling":6,"minecraft:coal":39,"gobber2:gobber2_goo":9,"minecraft:ender_pearl":1,"minecraft:sunflower":10},"minecraft:mined":{"minecraft:dark_oak_planks":2,"minecraft:tuff":3,"minecraft:dark_oak_leaves":11,"minecraft:deepslate_diamond_ore":3,"minecraft:cobblestone_stairs":2,"minecraft:dark_oak_log":16,"minecraft:granite":3,"minecraft:grass_block":9,"gobber2:gobber2_lucky_block":10,"minecraft:smooth_stone":14,"minecraft:redstone_ore":2,"minecraft:iron_ore":14,"minecraft:cobbled_deepslate":2,"minecraft:fire":1,"minecraft:andesite":11,"minecraft:deepslate_lapis_ore":1,"minecraft:deepslate_iron_ore":5,"minecraft:stone":207,"minecraft:deepslate_redstone_ore":17,"cyclic:flower_lime_carnation":1,"minecraft:glass_pane":2,"minecraft:crafting_table":1,"minecraft:torch":1,"minecraft:mushroom_stem":6,"minecraft:copper_ore":2,"minecraft:cobblestone":29,"minecraft:lapis_ore":1,"minecraft:deepslate_gold_ore":13,"minecraft:oak_planks":5,"minecraft:diorite":23,"minecraft:wall_torch":1,"minecraft:birch_log":1,"minecraft:birch_leaves":1,"gobber2:gobber2_lucky_block_deepslate":17,"minecraft:grass":11,"minecraft:oak_log":15,"minecraft:coal_ore":40,"minecraft:sunflower":4,"minecraft:dripstone_block":1,"minecraft:dirt":9,"minecraft:red_mushroom_block":6,"minecraft:gold_ore":7,"minecraft:oak_leaves":5,"minecraft:deepslate":53},"minecraft:used":{"minecraft:stone_sword":38,"gobber2:gobber2_goo":1,"minecraft:chest":2,"gobber2:gobber2_gooey_bread":51,"minecraft:shield":37,"minecraft:iron_sword":237,"minecraft:torch":6,"cyclic:emerald_sword":116,"minecraft:dirt":5,"minecraft:carrot":1,"minecraft:dark_oak_planks":1,"minecraft:wooden_axe":1,"spartanshields:iron_basic_shield":15,"minecraft:furnace":1,"tombstone:gift":4,"minecraft:cooked_beef":2,"minecraft:cobbled_deepslate":55,"minecraft:cooked_mutton":1,"minecraft:diorite":3,"minecraft:cobblestone_stairs":2,"minecraft:stone_pickaxe":38,"minecraft:oak_planks":15,"minecraft:ender_pearl":1,"minecraft:wooden_pickaxe":71,"minecraft:crafting_table":8,"minecraft:diamond_pickaxe":217,"minecraft:dark_oak_log":2,"minecraft:bread":1,"minecraft:iron_pickaxe":206,"spartanshields:diamond_tower_shield":212,"minecraft:stone_axe":20,"minecraft:diamond_sword":76,"minecraft:wooden_sword":3,"minecraft:cobblestone":117,"alexsmobs:animal_dictionary":2,"minecraft:smooth_stone":9},"minecraft:killed":{"minecraft:spider":12,"minecraft:skeleton":18,"minecraft:pig":1,"minecraft:zombie_villager":1,"minecraft:creeper":6,"minecraft:zombie":46,"alexsmobs:cockroach":1,"minecraft:enderman":1},"minecraft:custom":{"enigmaticlegacy:play_time_with_seven_curses":0,"minecraft:mob_kills":91,"minecraft:interact_with_crafting_table":58,"minecraft:damage_dealt_resisted":6,"minecraft:leave_game":13,"minecraft:time_since_death":27974,"minecraft:sprint_one_cm":137881,"minecraft:walk_one_cm":881390,"minecraft:damage_blocked_by_shield":9270,"minecraft:drop":47,"minecraft:talked_to_villager":5,"minecraft:play_time":301736,"minecraft:deaths":22,"minecraft:sneak_time":2202,"minecraft:walk_under_water_one_cm":72674,"minecraft:boat_one_cm":307412,"minecraft:jump":2715,"minecraft:enchant_item":7,"minecraft:walk_on_water_one_cm":60409,"minecraft:total_world_time":301736,"minecraft:interact_with_furnace":34,"spartanshields:shield_bash_hits":17,"enigmaticlegacy:play_time_without_seven_curses":300089,"minecraft:interact_with_stonecutter":2,"minecraft:sleep_in_bed":1,"minecraft:time_since_rest":27732,"minecraft:damage_taken":11208,"minecraft:damage_dealt":20337,"minecraft:swim_one_cm":369,"minecraft:player_kills":4,"minecraft:fly_one_cm":74403,"minecraft:open_chest":30,"minecraft:crouch_one_cm":2870,"tombstone:undead_killed":65,"minecraft:fall_one_cm":59272},"minecraft:killed_by":{"minecraft:player":4,"minecraft:creeper":3,"minecraft:spider":1,"minecraft:enderman":1,"minecraft:chicken":1,"minecraft:vindicator":5,"minecraft:skeleton":3,"minecraft:zombie":2},"minecraft:crafted":{"minecraft:wooden_sword":1,"minecraft:oak_planks":100,"minecraft:furnace":1,"spartanshields:iron_basic_shield":1,"minecraft:iron_boots":3,"minecraft:stone_pickaxe":3,"minecraft:chest":3,"minecraft:dark_oak_planks":88,"cyclic:compressed_cobblestone":1,"minecraft:cooked_beef":9,"sophisticatedbackpacks:backpack":1,"minecraft:crafting_table":5,"minecraft:wooden_pickaxe":3,"minecraft:iron_helmet":3,"minecraft:iron_sword":1,"minecraft:birch_planks":4,"minecraft:stone_axe":2,"minecraft:iron_chestplate":2,"minecraft:cobblestone":9,"minecraft:diamond_pickaxe":1,"minecraft:shield":2,"minecraft:stick":48,"minecraft:iron_ingot":4,"minecraft:iron_pickaxe":1,"minecraft:wooden_axe":1,"minecraft:stone_sword":3,"minecraft:iron_leggings":2,"spartanshields:wooden_basic_shield":1,"minecraft:torch":20}},"DataVersion":3465}