{"stats":{"minecraft:dropped":{"sophisticatedbackpacks:upgrade_base":1,"minecraft:iron_sword":1,"minecraft:cooked_beef":4,"minecraft:oak_log":191,"minecraft:baked_potato":1,"minecraft:crafting_table":2,"minecraft:red_mushroom":2,"minecraft:dirt":188,"constructionwand:diamond_wand":1,"minecraft:sunflower":3,"spartanshields:diamond_tower_shield":1,"minecraft:dark_oak_planks":5,"alexsmobs:capsid":3,"minecraft:cobbled_deepslate":4,"minecraft:rotten_flesh":1,"minecraft:gunpowder":1,"minecraft:chainmail_boots":1,"minecraft:iron_ingot":31,"minecraft:bread":17,"spartanshields:iron_tower_shield":1,"minecraft:smithing_table":1,"cyclic:flower_cyan":1,"minecraft:oak_fence":3,"minecraft:iron_helmet":1,"minecraft:stick":1,"minecraft:iron_block":1,"minecraft:diorite":1,"minecraft:torch":25,"skilltree:gem":2,"minecraft:iron_leggings":1,"minecraft:iron_axe":1,"minecraft:iron_shovel":5,"minecraft:oak_trapdoor":768,"minecraft:dark_oak_sign":3,"gobber2:gobber2_gooey_beef":4,"minecraft:raw_iron":14,"minecraft:iron_boots":2,"minecraft:iron_hoe":1,"minecraft:spruce_fence":11,"minecraft:diamond_sword":1,"minecraft:spruce_trapdoor":1,"minecraft:iron_chestplate":1,"minecraft:stone_bricks":947,"minecraft:spruce_log":63,"minecraft:raw_gold":1},"minecraft:broken":{"minecraft:iron_shovel":7,"minecraft:iron_chestplate":1,"minecraft:stone_pickaxe":1,"minecraft:iron_sword":1,"spartanshields:iron_tower_shield":1,"minecraft:iron_axe":1,"minecraft:iron_pickaxe":5,"minecraft:iron_helmet":1},"minecraft:picked_up":{"minecraft:chiseled_deepslate":318,"constructionwand:diamond_wand":1,"minecraft:redstone_block":1,"minecraft:chainmail_boots":1,"minecraft:smithing_table":2,"minecraft:diamond_sword":1,"minecraft:enchanted_book":1,"minecraft:stone_brick_stairs":55,"spartanshields:diamond_basic_shield":1,"minecraft:string":84,"minecraft:raw_copper":8,"minecraft:sticky_piston":4,"minecraft:deepslate_tiles":3,"minecraft:diamond_leggings":1,"minecraft:cobbled_deepslate":123,"minecraft:comparator":1,"minecraft:spruce_planks":27,"spartanshields:diamond_tower_shield":1,"minecraft:ender_eye":2,"minecraft:iron_pickaxe":1,"minecraft:coal_block":31,"minecraft:iron_boots":1,"minecraft:furnace":6,"minecraft:dark_oak_door":2,"minecraft:stick":3,"minecraft:oak_fence":9,"minecraft:torch":43,"minecraft:spruce_stairs":8,"tombstone:grave_dust":2,"minecraft:diorite":33,"gobber2:gobber2_foo":7,"minecraft:rotten_flesh":22,"alexsmobs:capsid":4,"minecraft:deepslate_brick_stairs":11,"minecraft:cobblestone":478,"minecraft:andesite":63,"cataclysm:coral_bardiche":1,"minecraft:dark_oak_boat":9,"minecraft:flint":5,"skilltree:gem":31,"minecraft:lapis_lazuli":48,"minecraft:dirt":2281,"minecraft:lantern":1,"cyclic:flower_cyan":1,"minecraft:bone":67,"minecraft:wheat_seeds":66,"minecraft:bow":5,"gobber2:gobber2_gooey_beef":19,"minecraft:deepslate_brick_slab":38,"minecraft:raw_gold":22,"minecraft:diamond_helmet":1,"minecraft:oak_planks":4,"gobber2:gobber2_gooey_bread":25,"spartanshields:iron_tower_shield":1,"minecraft:sand":57,"alexsmobs:animal_dictionary":1,"minecraft:dark_oak_log":478,"minecraft:bundle":1,"minecraft:iron_hoe":2,"minecraft:spruce_fence_gate":2,"minecraft:diamond":17,"improvableskills:skills_book":1,"minecraft:granite":47,"minecraft:bone_meal":1,"minecraft:emerald":1,"minecraft:chainmail_helmet":1,"minecraft:bread":14,"alexsmobs:maggot":3,"gobber2:gobber2_goo":17,"minecraft:crafting_table":25,"minecraft:azure_bluet":1,"minecraft:leather_leggings":1,"minecraft:stone_brick_wall":1,"minecraft:oak_trapdoor":916,"minecraft:iron_axe":1,"minecraft:item_frame":1,"minecraft:iron_shovel":4,"cyclic:flower_lime_carnation":2,"minecraft:candle":8,"improvableskills:scroll_normal":2,"minecraft:beef":12,"minecraft:player_head":2,"minecraft:spruce_slab":21,"minecraft:piston":1,"minecraft:spruce_trapdoor":13,"minecraft:dark_oak_sapling":2,"minecraft:raw_iron":129,"sophisticatedbackpacks:backpack":2,"minecraft:spruce_fence":14,"minecraft:redstone":77,"minecraft:dark_oak_planks":18,"minecraft:tnt":1,"cyclic:emerald_pickaxe":1,"minecraft:arrow":247,"minecraft:diamond_chestplate":1,"minecraft:deepslate_bricks":508,"minecraft:diamond_boots":1,"minecraft:hay_block":84,"mowziesmobs:umvuthana_mask_bliss":1,"tombstone:essence_of_undeath":1,"minecraft:gold_ingot":35,"minecraft:mutton":11,"minecraft:white_wool":7,"minecraft:skeleton_skull":1,"gobber2:gobber2_gooey_beefstew":3,"minecraft:leather":7,"minecraft:red_mushroom":2,"minecraft:oak_log":292,"minecraft:gunpowder":34,"minecraft:yellow_bed":2,"improvableskills:scroll_creative":1,"minecraft:deepslate_tile_slab":1,"minecraft:cooked_mutton":2,"sophisticatedbackpacks:upgrade_base":2,"minecraft:apple":2,"minecraft:stone_bricks":1743,"cyclic:flower_purple_tulip":8,"minecraft:oak_fence_gate":5,"minecraft:iron_ingot":7,"minecraft:gray_bed":5,"minecraft:polished_andesite_slab":3,"minecraft:iron_sword":1,"minecraft:oak_slab":2,"minecraft:book":81,"minecraft:polished_andesite_stairs":3,"minecraft:dark_oak_slab":4,"minecraft:dandelion":2,"minecraft:gravel":35,"minecraft:blast_furnace":1,"minecraft:spider_eye":5,"minecraft:slime_ball":2,"minecraft:chainmail_leggings":1,"minecraft:iron_helmet":1,"minecraft:baked_potato":2,"minecraft:coal":204,"minecraft:sunflower":69,"minecraft:ender_pearl":1},"minecraft:mined":{"minecraft:dark_oak_planks":15,"minecraft:spruce_planks":28,"minecraft:spruce_trapdoor":13,"minecraft:granite":46,"minecraft:grass_block":1749,"minecraft:stone_brick_wall":1,"gobber2:gobber2_lucky_block":32,"minecraft:coal_block":8,"minecraft:deepslate_bricks":24,"minecraft:iron_ore":46,"minecraft:sticky_piston":2,"minecraft:cobbled_deepslate":7,"minecraft:deepslate_lapis_ore":1,"cyclic:flower_cyan":2,"minecraft:dirt_path":1,"minecraft:deepslate_brick_stairs":18,"minecraft:iron_block":1,"minecraft:player_head":1,"minecraft:spruce_slab":18,"minecraft:piston_head":2,"minecraft:deepslate_redstone_ore":3,"cyclic:flower_lime_carnation":2,"minecraft:deepslate_tile_slab":4,"minecraft:clay":1,"minecraft:torch":8,"minecraft:blast_furnace":1,"minecraft:cobblestone":5,"alexsmobs:capsid":1,"minecraft:oak_planks":6,"minecraft:wall_torch":5,"minecraft:skeleton_skull":1,"minecraft:seagrass":1,"minecraft:dark_oak_slab":4,"minecraft:dark_oak_door":1,"minecraft:tnt":1,"minecraft:stone_brick_stairs":60,"minecraft:grass":260,"minecraft:oak_log":37,"minecraft:oak_fence_gate":6,"minecraft:sand":36,"minecraft:dirt":668,"minecraft:red_mushroom_block":1,"minecraft:piston":1,"minecraft:deepslate":108,"minecraft:deepslate_tiles":8,"minecraft:diamond_ore":1,"minecraft:tuff":1,"minecraft:dark_oak_leaves":14,"minecraft:deepslate_diamond_ore":9,"minecraft:candle":2,"minecraft:dark_oak_log":22,"minecraft:spruce_fence":6,"minecraft:redstone_wire":1,"minecraft:sandstone":12,"minecraft:hay_block":84,"minecraft:deepslate_brick_slab":37,"minecraft:redstone_ore":10,"minecraft:oak_trapdoor":23,"minecraft:furnace":6,"minecraft:andesite":63,"minecraft:stripped_spruce_log":1,"minecraft:bookshelf":27,"minecraft:deepslate_iron_ore":43,"minecraft:stone":371,"minecraft:white_wool":1,"minecraft:smithing_table":2,"minecraft:oak_slab":1,"minecraft:redstone_block":1,"minecraft:comparator":1,"minecraft:spruce_door":1,"minecraft:dandelion":2,"cyclic:flower_purple_tulip":8,"minecraft:oak_fence":6,"minecraft:crafting_table":25,"minecraft:tall_grass":4,"minecraft:copper_ore":1,"minecraft:deepslate_coal_ore":2,"minecraft:lapis_ore":5,"minecraft:deepslate_gold_ore":15,"minecraft:diorite":33,"minecraft:spruce_stairs":9,"minecraft:gray_bed":5,"gobber2:gobber2_lucky_block_deepslate":25,"minecraft:yellow_bed":2,"minecraft:coal_ore":104,"minecraft:sunflower":88,"minecraft:gravel":33,"minecraft:cobweb":56,"minecraft:spruce_fence_gate":2,"minecraft:stone_bricks":1158,"minecraft:gold_ore":2,"minecraft:fern":1},"minecraft:used":{"gobber2:gobber2_goo":17,"minecraft:iron_shovel":2495,"minecraft:spruce_slab":338,"minecraft:chest":17,"gobber2:gobber2_gooey_bread":22,"minecraft:shield":12,"minecraft:iron_sword":259,"minecraft:player_head":2,"minecraft:rotten_flesh":1,"minecraft:iron_chestplate":1,"minecraft:mutton":1,"minecraft:deepslate_tile_slab":30,"minecraft:deepslate_brick_slab":453,"minecraft:iron_helmet":4,"minecraft:dark_oak_slab":14,"minecraft:stone_brick_stairs":327,"minecraft:stone_bricks":3907,"minecraft:bow":72,"minecraft:dark_oak_boat":10,"minecraft:furnace":17,"minecraft:gray_bed":5,"minecraft:deepslate_brick_wall":18,"minecraft:stone_pickaxe":227,"minecraft:oak_planks":15,"minecraft:wooden_pickaxe":15,"minecraft:white_wool":2,"minecraft:sand":22,"minecraft:blast_furnace":1,"minecraft:stone_brick_wall":10,"minecraft:deepslate_brick_stairs":498,"minecraft:deepslate_tiles":32,"gobber2:gobber2_gooey_beefstew":1,"minecraft:bread":48,"minecraft:lectern":21,"minecraft:smithing_table":1,"minecraft:andesite":4,"minecraft:oak_fence":6,"minecraft:oak_trapdoor":51,"minecraft:stone_sword":87,"minecraft:spruce_planks":364,"cataclysm:coral_bardiche":7,"minecraft:torch":84,"minecraft:dirt":893,"minecraft:spruce_stairs":138,"cyclic:emerald_pickaxe":575,"alexsmobs:capsid":1,"minecraft:spruce_fence":40,"minecraft:oak_fence_gate":6,"cyclic:flower_lime_carnation":1,"minecraft:iron_hoe":43,"minecraft:dark_oak_planks":41,"minecraft:iron_block":1,"minecraft:iron_axe":238,"minecraft:iron_boots":4,"gobber2:gobber2_gooey_beef":15,"tombstone:gift":6,"minecraft:cooked_beef":6,"minecraft:cobbled_deepslate":30,"minecraft:iron_leggings":3,"minecraft:cooked_mutton":10,"minecraft:stonecutter":1,"minecraft:spruce_fence_gate":12,"minecraft:deepslate_bricks":172,"spartanshields:iron_tower_shield":123,"minecraft:crafting_table":31,"minecraft:spruce_log":1,"minecraft:dark_oak_door":5,"minecraft:oak_log":247,"minecraft:apple":1,"minecraft:iron_pickaxe":1503,"minecraft:spruce_trapdoor":270,"minecraft:stone_axe":42,"minecraft:cobblestone":19,"minecraft:yellow_bed":2,"alexsmobs:animal_dictionary":3,"minecraft:candle":4},"minecraft:killed":{"minecraft:spider":5,"alexsmobs:enderiophage":1,"minecraft:skeleton":19,"minecraft:wolf":1,"minecraft:creeper":3,"minecraft:sheep":7,"minecraft:zombie":14,"alexsmobs:fly":2,"minecraft:cow":4,"minecraft:drowned":2,"minecraft:bat":1,"minecraft:enderman":1},"minecraft:custom":{"enigmaticlegacy:play_time_with_seven_curses":928286,"minecraft:interact_with_crafting_table":117,"minecraft:open_barrel":2,"minecraft:leave_game":38,"minecraft:time_since_death":36100,"minecraft:sprint_one_cm":573546,"minecraft:damage_blocked_by_shield":28900,"minecraft:drop":125,"minecraft:talked_to_villager":1,"minecraft:play_time":942951,"minecraft:deaths":45,"minecraft:jump":4369,"minecraft:walk_on_water_one_cm":36728,"minecraft:interact_with_furnace":300,"minecraft:sleep_in_bed":8,"minecraft:damage_dealt":10277,"minecraft:crouch_one_cm":261497,"tombstone:undead_killed":35,"minecraft:mob_kills":63,"minecraft:damage_dealt_resisted":31,"minecraft:climb_one_cm":2728,"minecraft:walk_one_cm":2093045,"minecraft:damage_dealt_absorbed":13,"minecraft:sneak_time":66851,"minecraft:walk_under_water_one_cm":60807,"minecraft:boat_one_cm":671347,"minecraft:interact_with_blast_furnace":1,"minecraft:total_world_time":942951,"spartanshields:shield_bash_hits":7,"enigmaticlegacy:play_time_without_seven_curses":7485,"minecraft:interact_with_stonecutter":45,"minecraft:time_since_rest":33701,"minecraft:damage_taken":26998,"minecraft:swim_one_cm":113124,"minecraft:fly_one_cm":1606811,"minecraft:open_chest":257,"minecraft:fall_one_cm":150395},"minecraft:killed_by":{"minecraft:creeper":3,"mowziesmobs:umvuthi":1,"cataclysm:deepling":1,"minecraft:vindicator":2,"cataclysm:deepling_brute":2,"minecraft:zombie":4,"minecraft:player":6,"minecraft:wolf":3,"minecraft:spider":1,"minecraft:enderman":8,"minecraft:skeleton":2,"minecraft:guardian":1},"minecraft:crafted":{"minecraft:oak_planks":300,"minecraft:dark_oak_boat":2,"spartanshields:wooden_tower_shield":2,"minecraft:stone":2410,"sophisticatedbackpacks:crafting_upgrade":1,"minecraft:cooked_mutton":8,"minecraft:deepslate_brick_stairs":144,"minecraft:dark_oak_door":3,"minecraft:bow":1,"minecraft:iron_boots":2,"minecraft:chest":18,"minecraft:stone_bricks":2,"minecraft:oak_fence":48,"minecraft:oak_slab":30,"minecraft:crafting_table":11,"minecraft:spruce_planks":580,"minecraft:wooden_pickaxe":1,"spartanshields:iron_tower_shield":2,"minecraft:iron_helmet":2,"minecraft:sticky_piston":1,"sophisticatedbackpacks:upgrade_base":2,"minecraft:stone_brick_stairs":48,"minecraft:spruce_trapdoor":14,"minecraft:dark_oak_slab":12,"minecraft:iron_chestplate":1,"minecraft:shield":2,"minecraft:stick":232,"minecraft:iron_ingot":131,"minecraft:iron_pickaxe":6,"minecraft:stone_sword":1,"minecraft:gold_ingot":15,"minecraft:spruce_fence_gate":16,"minecraft:deepslate_tile_slab":126,"minecraft:furnace":11,"minecraft:dark_oak_sign":3,"minecraft:spruce_stairs":120,"minecraft:spruce_slab":342,"minecraft:stone_pickaxe":2,"minecraft:dark_oak_planks":347,"minecraft:wheat":243,"sophisticatedbackpacks:iron_backpack":1,"minecraft:cooked_beef":3,"minecraft:deepslate_brick_slab":270,"minecraft:iron_sword":4,"sophisticatedbackpacks:gold_backpack":1,"minecraft:stone_axe":1,"minecraft:bread":81,"minecraft:air":0,"minecraft:oak_fence_gate":16,"sophisticatedbackpacks:pickup_upgrade":1,"minecraft:iron_shovel":9,"minecraft:iron_leggings":1,"minecraft:stonecutter":1,"minecraft:torch":64}},"DataVersion":3465}