{"stats":{"minecraft:crafted":{"minecraft:smooth_stone":11,"minecraft:oak_planks":52,"cyclic:emerald_shovel":1,"spartanshields:wooden_tower_shield":2,"minecraft:stone":11,"sophisticatedbackpacks:crafting_upgrade":1,"minecraft:bookshelf":1,"minecraft:stone_brick_slab":60,"minecraft:bow":4,"minecraft:diamond_helmet":2,"minecraft:diamond_leggings":2,"minecraft:iron_boots":1,"minecraft:chest":7,"sophisticatedbackpacks:backpack":2,"spartanshields:diamond_tower_shield":1,"minecraft:emerald":787,"minecraft:crafting_table":6,"minecraft:spruce_planks":44,"spartanshields:iron_tower_shield":1,"minecraft:wooden_pickaxe":1,"minecraft:iron_helmet":1,"sophisticatedbackpacks:upgrade_base":1,"minecraft:stone_brick_stairs":4,"cyclic:emerald_chestplate":2,"minecraft:iron_chestplate":1,"minecraft:diamond_pickaxe":1,"sophisticatedbackpacks:diamond_backpack":1,"minecraft:stick":120,"minecraft:iron_ingot":213,"minecraft:iron_pickaxe":1,"minecraft:iron_block":1,"cyclic:emerald_helmet":1,"minecraft:gold_ingot":40,"spartanshields:wooden_basic_shield":1,"minecraft:wooden_sword":1,"minecraft:smooth_stone_slab":12,"minecraft:furnace":2,"spartanshields:diamond_basic_shield":1,"minecraft:flint_and_steel":1,"cyclic:emerald_pickaxe":1,"minecraft:iron_axe":1,"minecraft:spruce_slab":6,"minecraft:stone_pickaxe":1,"minecraft:diamond_boots":2,"minecraft:dark_oak_planks":156,"toolleveling:tool_leveling_table":1,"sophisticatedbackpacks:iron_backpack":1,"minecraft:coal_block":7,"constructionwand:diamond_wand":2,"editenchanting:enchantment_edit_table":1,"minecraft:diamond_sword":2,"minecraft:enchanting_table":1,"minecraft:iron_sword":1,"ironfurnaces:upgrade_iron":1,"sophisticatedbackpacks:gold_backpack":1,"minecraft:bucket":1,"minecraft:stone_axe":1,"minecraft:air":0,"quality_equipment:reforging_station":1,"minecraft:iron_leggings":1,"minecraft:anvil":1,"cyclic:emerald_sword":1,"cyclic:emerald_boots":1,"minecraft:torch":24,"cyclic:emerald_leggings":1,"minecraft:diamond_chestplate":2},"minecraft:custom":{"enigmaticlegacy:play_time_with_seven_curses":28,"minecraft:interact_with_crafting_table":40,"minecraft:open_barrel":9,"goblintraders:trade_with_goblin":9,"minecraft:leave_game":19,"minecraft:time_since_death":46720,"minecraft:damage_resisted":675,"minecraft:sprint_one_cm":962060,"minecraft:damage_blocked_by_shield":4181,"minecraft:drop":281,"minecraft:talked_to_villager":28,"minecraft:play_time":1106602,"minecraft:deaths":8,"tombstone:tomb_raiding":1,"minecraft:jump":6135,"minecraft:walk_on_water_one_cm":47696,"minecraft:enchant_item":13,"minecraft:interact_with_furnace":98,"minecraft:traded_with_villager":788,"minecraft:sleep_in_bed":1,"tombstone:sneak_grave":1,"minecraft:damage_dealt":70021,"minecraft:player_kills":40,"minecraft:crouch_one_cm":226322,"tombstone:undead_killed":296,"minecraft:interact_with_smithing_table":1,"minecraft:interact_with_anvil":2,"minecraft:mob_kills":519,"minecraft:damage_dealt_resisted":947,"minecraft:climb_one_cm":2817,"minecraft:walk_one_cm":1935986,"minecraft:damage_dealt_absorbed":200,"minecraft:sneak_time":45666,"minecraft:walk_under_water_one_cm":25043,"minecraft:boat_one_cm":44290,"minecraft:total_world_time":1106602,"spartanshields:shield_bash_hits":9,"enigmaticlegacy:play_time_without_seven_curses":1102175,"minecraft:interact_with_stonecutter":4,"minecraft:time_since_rest":46334,"minecraft:damage_absorbed":99,"minecraft:damage_taken":11070,"minecraft:trigger_trapped_chest":1,"minecraft:use_wand":6807,"minecraft:swim_one_cm":50983,"minecraft:fly_one_cm":1796793,"minecraft:open_chest":107,"minecraft:fall_one_cm":14862},"minecraft:killed":{"alexsmobs:hummingbird":2,"minecraft:spider":71,"minecraft:skeleton":127,"alexsmobs:centipede_head":3,"mowziesmobs:foliaath":1,"artifacts:mimic":1,"minecraft:pig":4,"minecraft:zombie_villager":1,"minecraft:iron_golem":1,"minecraft:creeper":88,"minecraft:sheep":6,"minecraft:trader_llama":2,"minecraft:pillager":2,"cataclysm:deepling_brute":3,"minecraft:zombie":165,"alexsmobs:cachalot_whale":1,"alexsmobs:fly":3,"minecraft:cow":2,"alexsmobs:raccoon":2,"alexsmobs:seagull":1,"cataclysm:lionfish":1,"minecraft:drowned":3,"cataclysm:deepling_angler":1,"minecraft:bat":1,"minecraft:wandering_trader":1,"minecraft:squid":2,"alexsmobs:crow":1,"minecraft:enderman":10},"minecraft:killed_by":{"alexsmobs:cachalot_whale":1,"minecraft:vindicator":2},"minecraft:dropped":{"sophisticatedbackpacks:upgrade_base":2,"minecraft:iron_sword":2,"minecraft:diamond_axe":2,"minecraft:lapis_lazuli":21,"minecraft:oak_log":1143,"minecraft:baked_potato":1,"minecraft:diamond":7,"minecraft:leather":43,"improvableskills:scroll_creative":3,"minecraft:dirt":2312,"tombstone:bag_of_seeds":1,"minecraft:dark_oak_log":450,"constructionwand:diamond_wand":1,"cyclic:emerald_helmet":1,"alexsmobs:flying_fish":1,"minecraft:sunflower":2,"cyclic:emerald_leggings":1,"minecraft:iron_pickaxe":1,"spartanshields:diamond_tower_shield":3,"gobber2:gobber2_gooey_bread":239,"minecraft:bone":36,"minecraft:gold_ingot":82,"cyclic:emerald_boots":1,"minecraft:cobbled_deepslate":151,"minecraft:rotten_flesh":30,"gobber2:gobber2_gooey_beefstew":1,"sophisticatedbackpacks:diamond_backpack":1,"minecraft:chiseled_deepslate":318,"minecraft:poppy":4,"minecraft:gunpowder":2,"minecraft:skeleton_skull":1,"minecraft:chest":2,"improvableskills:scroll_normal":7,"minecraft:arrow":118,"enigmaticlegacy:enigmatic_amulet":1,"minecraft:iron_ingot":40,"spartanshields:iron_tower_shield":1,"minecraft:wheat_seeds":16,"minecraft:diamond_leggings":1,"minecraft:iron_helmet":1,"minecraft:cobblestone":137,"cyclic:emerald_chestplate":2,"minecraft:chainmail_helmet":1,"minecraft:coal":14,"minecraft:coal_block":22,"minecraft:stick":67,"minecraft:torch":15,"tombstone:grave_key":2,"skilltree:gem":2,"minecraft:diamond_helmet":1,"tombstone:grave_dust":3,"minecraft:iron_leggings":1,"minecraft:iron_shovel":4,"cyclic:emerald_sword":1,"minecraft:string":39,"minecraft:oak_trapdoor":4453,"minecraft:player_head":1,"minecraft:raw_copper":4,"gobber2:gobber2_gooey_beef":4,"spartanshields:diamond_basic_shield":2,"cataclysm:coral_bardiche":5,"sophisticatedbackpacks:backpack":4,"improvableskills:skills_book":3,"cyclic:emerald_pickaxe":2,"minecraft:deepslate_bricks":505,"minecraft:diamond_sword":4,"minecraft:potato":2,"minecraft:diamond_chestplate":1,"minecraft:diamond_pickaxe":1,"minecraft:oak_sapling":8,"minecraft:stone_bricks":308,"minecraft:diamond_boots":1,"sophisticatedbackpacks:copper_backpack":1,"minecraft:bow":2,"minecraft:wooden_pickaxe":1},"minecraft:used":{"gobber2:gobber2_goo":4,"minecraft:iron_shovel":3337,"minecraft:spruce_slab":29,"gobber2:gobber2_gooey_bread":107,"minecraft:chest":4,"minecraft:iron_sword":40,"minecraft:player_head":1,"minecraft:rotten_flesh":4,"enchantinginfuser:advanced_enchanting_infuser":7,"minecraft:obsidian":14,"minecraft:lava_bucket":7,"minecraft:lantern":1,"minecraft:stone_brick_stairs":59,"minecraft:stone_bricks":6049,"ironfurnaces:iron_furnace":3,"minecraft:bow":862,"minecraft:furnace":17,"minecraft:dark_oak_sapling":4,"minecraft:spruce_door":1,"minecraft:stone_pickaxe":719,"minecraft:oak_planks":18,"minecraft:ender_pearl":15,"minecraft:wooden_pickaxe":12,"spartanshields:diamond_basic_shield":8,"minecraft:dark_oak_log":1,"editenchanting:enchantment_edit_table":1,"tombstone:grave_key":2,"minecraft:diamond_sword":368,"minecraft:wooden_sword":26,"minecraft:andesite":7,"minecraft:smooth_stone_slab":89,"minecraft:experience_bottle":127,"minecraft:oak_trapdoor":41,"minecraft:flint_and_steel":1,"quality_equipment:reforging_station":1,"cyclic:emerald_shovel":6923,"cataclysm:coral_bardiche":192,"minecraft:torch":93,"minecraft:brewing_stand":1,"minecraft:dirt":2709,"minecraft:anvil":2,"minecraft:spruce_stairs":23,"minecraft:diamond_helmet":1,"alexsmobs:capsid":17,"minecraft:spruce_fence":22,"minecraft:stone_brick_slab":3,"minecraft:dark_oak_planks":27,"minecraft:bookshelf":34,"minecraft:iron_axe":53,"minecraft:iron_boots":2,"minecraft:diamond_chestplate":3,"constructionwand:diamond_wand":591,"tombstone:gift":9,"minecraft:cobbled_deepslate":8,"minecraft:iron_leggings":1,"minecraft:water_bucket":7,"minecraft:stonecutter":1,"minecraft:deepslate_bricks":294,"spartanshields:iron_tower_shield":40,"minecraft:crafting_table":9,"toolleveling:tool_leveling_table":1,"minecraft:oak_log":167,"minecraft:diamond_pickaxe":5137,"minecraft:iron_pickaxe":930,"tombstone:magic_scroll":1,"minecraft:spruce_trapdoor":120,"minecraft:cobblestone":43,"minecraft:bucket":16,"minecraft:yellow_bed":1},"minecraft:picked_up":{"minecraft:iron_chestplate":1,"minecraft:chainmail_boots":1,"minecraft:creeper_head":11,"minecraft:anvil":1,"minecraft:lead":3,"minecraft:diamond_sword":6,"minecraft:stone_brick_stairs":4,"spartanshields:diamond_basic_shield":1,"tombstone:grave_key":2,"minecraft:brewing_stand":1,"enchantinginfuser:advanced_enchanting_infuser":6,"minecraft:string":133,"minecraft:raw_copper":7,"minecraft:smooth_stone_slab":24,"minecraft:iron_leggings":5,"minecraft:zombie_head":23,"minecraft:cobbled_deepslate":518,"minecraft:spruce_planks":5,"minecraft:white_tulip":1,"spartanshields:diamond_tower_shield":2,"minecraft:iron_pickaxe":3,"minecraft:coal_block":24,"minecraft:iron_boots":2,"minecraft:furnace":15,"minecraft:stick":7,"minecraft:oak_fence":3,"minecraft:torch":13,"minecraft:spruce_stairs":1,"minecraft:porkchop":19,"minecraft:pointed_dripstone":2,"tombstone:grave_dust":28,"minecraft:diorite":42,"alexsmobs:centipede_leg":2,"gobber2:gobber2_foo":9,"minecraft:rotten_flesh":284,"alexsmobs:capsid":27,"minecraft:iron_block":2,"minecraft:deepslate_brick_stairs":1,"minecraft:obsidian":9,"alexsmobs:flying_fish":1,"minecraft:cobblestone":1464,"minecraft:water_bucket":1,"minecraft:andesite":125,"cataclysm:coral_bardiche":8,"minecraft:potato":2,"minecraft:flint":14,"minecraft:tuff":18,"skilltree:gem":37,"minecraft:lapis_lazuli":72,"minecraft:dirt":4883,"minecraft:lantern":1,"minecraft:bone":174,"minecraft:stonecutter":1,"minecraft:bow":12,"gobber2:gobber2_gooey_beef":1,"minecraft:wheat_seeds":74,"minecraft:deepslate_brick_slab":2,"minecraft:raw_gold":35,"ironfurnaces:iron_furnace":4,"minecraft:oak_planks":5,"gobber2:gobber2_gooey_bread":60,"spartanshields:iron_tower_shield":1,"minecraft:dark_oak_log":80,"minecraft:bundle":3,"minecraft:diamond":58,"minecraft:granite":46,"minecraft:golden_apple":3,"minecraft:chainmail_helmet":2,"alexsmobs:maggot":4,"minecraft:oak_sapling":9,"gobber2:gobber2_goo":4,"minecraft:fishing_rod":2,"minecraft:crafting_table":6,"minecraft:azure_bluet":4,"minecraft:cornflower":3,"minecraft:oak_trapdoor":4327,"minecraft:iron_axe":1,"minecraft:iron_shovel":8,"improvableskills:scroll_normal":16,"minecraft:beef":5,"minecraft:player_head":9,"minecraft:poppy":4,"minecraft:spruce_slab":2,"minecraft:chest":6,"minecraft:spruce_trapdoor":11,"minecraft:dark_oak_sapling":4,"minecraft:raw_iron":135,"minecraft:stone":507,"sophisticatedbackpacks:backpack":4,"minecraft:cookie":5,"minecraft:carrot":6,"minecraft:redstone":35,"minecraft:dark_oak_planks":2,"minecraft:arrow":198,"cyclic:emerald_pickaxe":1,"minecraft:deepslate_bricks":18,"tombstone:essence_of_undeath":3,"minecraft:gold_ingot":37,"sophisticatedbackpacks:copper_backpack":1,"minecraft:mutton":8,"minecraft:rail":2,"minecraft:skeleton_skull":20,"minecraft:white_wool":8,"gobber2:gobber2_gooey_beefstew":1,"minecraft:leather":3,"alexsmobs:cachalot_whale_tooth":2,"minecraft:oak_log":1167,"minecraft:chainmail_chestplate":1,"artifacts:superstitious_hat":2,"minecraft:yellow_bed":2,"minecraft:golden_boots":1,"minecraft:gunpowder":173,"minecraft:white_banner":1,"minecraft:cooked_mutton":4,"minecraft:apple":1,"minecraft:stone_bricks":1156,"cyclic:flower_purple_tulip":1,"minecraft:oak_fence_gate":1,"minecraft:iron_ingot":36,"tombstone:bag_of_seeds":3,"minecraft:iron_sword":4,"minecraft:book":22,"minecraft:dandelion":27,"minecraft:dripstone_block":4,"minecraft:gravel":88,"enigmaticlegacy:enigmatic_amulet":1,"minecraft:spider_eye":82,"minecraft:slime_ball":1,"minecraft:chainmail_leggings":3,"minecraft:iron_helmet":4,"minecraft:diamond_axe":1,"minecraft:baked_potato":1,"tombstone:magic_scroll":6,"minecraft:melon_seeds":3,"minecraft:coal":161,"minecraft:sunflower":34,"minecraft:ender_pearl":41},"minecraft:mined":{"minecraft:dark_oak_planks":2,"minecraft:spruce_planks":5,"minecraft:brewing_stand":1,"minecraft:obsidian":9,"minecraft:spruce_trapdoor":11,"minecraft:granite":46,"minecraft:grass_block":4004,"gobber2:gobber2_lucky_block":25,"minecraft:deepslate_bricks":23,"minecraft:iron_ore":91,"minecraft:barrel":6,"minecraft:anvil":1,"minecraft:player_head":2,"ironfurnaces:iron_furnace":4,"minecraft:torch":4,"minecraft:poppy":1,"minecraft:chest":17,"minecraft:cobblestone":10,"alexsmobs:capsid":28,"minecraft:oak_planks":2,"minecraft:wall_torch":8,"minecraft:stone_brick_stairs":4,"minecraft:smooth_stone_slab":14,"minecraft:grass":185,"minecraft:oak_log":88,"minecraft:dirt":6285,"minecraft:stonecutter":1,"minecraft:oak_leaves":1,"minecraft:deepslate":501,"minecraft:diamond_ore":3,"minecraft:tuff":19,"minecraft:dark_oak_leaves":8,"minecraft:deepslate_diamond_ore":22,"minecraft:dark_oak_log":79,"minecraft:oak_trapdoor":5,"minecraft:furnace":14,"minecraft:andesite":146,"minecraft:bookshelf":6,"minecraft:deepslate_iron_ore":8,"minecraft:stone":4842,"minecraft:dandelion":1,"minecraft:crafting_table":5,"minecraft:cornflower":1,"minecraft:tall_grass":19,"minecraft:copper_ore":12,"minecraft:lapis_ore":9,"minecraft:deepslate_gold_ore":10,"minecraft:diorite":67,"minecraft:spruce_stairs":3,"minecraft:yellow_bed":2,"minecraft:coal_ore":48,"minecraft:sunflower":23,"minecraft:gravel":169,"enchantinginfuser:advanced_enchanting_infuser":6,"minecraft:stone_bricks":802,"minecraft:gold_ore":2}},"DataVersion":3465}